not_meaningful,ofh_Variable name,OFH_Medical condition,ofh_description_combined,ukb_code,ukb_variable_name,ukb_category,,,
1,DIAG_2_M,None of the above,DIAG_2_M: None of the above,none in self report,,,,,
1,DIAG_2_M,Prefer not to answer,DIAG_2_M: Prefer not to answer,none in self report,,,,,
1,DIAG_2_M,Do not know,DIAG_2_M: Do not know,none in self report,,,,,
,DIAG_2_M,Autoimmune disorder,DIAG_2_M: Autoimmune disorder,none in self report,,,,,
,DIAG_2_M,Blood disorders (Anaemia),DIAG_2_M: Blood disorders (Anaemia),p20002_i0,"Non-cancer illness code, self-reported",anaemia,,,
,DIAG_2_M,Cancer,DIAG_2_M: Cancer,none in self report,,,,,
,DIAG_2_M,Complications or difficulties in pregnancy or childbirth,DIAG_2_M: Complications or difficulties in pregnancy or childbirth,none in self report,,,,,
,DIAG_2_M,Digestive system or liver problems,DIAG_2_M: Digestive system or liver problems,none in self report,,,,,not_meaningful
,DIAG_2_M,"Endocrine, nutritional and metabolic disorders (e.g. diabetes, thyroid disorder, vitamin deficiencies)","DIAG_2_M: Endocrine, nutritional and metabolic disorders (e.g. diabetes, thyroid disorder, vitamin deficiencies)",none in self report,,,,,
,DIAG_2_M,Eye or visual problems,DIAG_2_M: Eye or visual problems,none in self report,,,,,
,DIAG_2_M,"Fractures, breaks, or joint problems","DIAG_2_M: Fractures, breaks, or joint problems",none in self report,,,,,
,DIAG_2_M,Heart or circulatory disease (e.g. high blood pressure or stroke),DIAG_2_M: Heart or circulatory disease (e.g. high blood pressure or stroke),none in self report,,,,,
,DIAG_2_M,Kidney or urinary system disorders,DIAG_2_M: Kidney or urinary system disorders,none in self report,,,,,
,DIAG_2_M,Lung or respiratory problems,DIAG_2_M: Lung or respiratory problems,none in self report,,,,,
,DIAG_2_M,"Mental health conditions (e.g. depression, bipolar disorder)","DIAG_2_M: Mental health conditions (e.g. depression, bipolar disorder)",none in self report,,,,,
,DIAG_2_M,"Neurodevelopmental conditions (e.g. Autism spectrum disorder, ADHD)","DIAG_2_M: Neurodevelopmental conditions (e.g. Autism spectrum disorder, ADHD)",none in self report,,,,,
,DIAG_2_M,"Neurological disorders (things that affect that brain or nervous system. E.g., Epilepsy)","DIAG_2_M: Neurological disorders (things that affect that brain or nervous system. E.g., Epilepsy)",none in self report,,,,,
,DIAG_2_M,Reproductive system problems,DIAG_2_M: Reproductive system problems,none in self report,,,,,
1,DIAG_2_M,Other not listed,DIAG_2_M: Other not listed,,,,,,
1,DIAG_AUTO_1_M,None of the above,DIAG_AUTO_1_M: None of the above,,,,,,
1,DIAG_AUTO_1_M,Prefer not to answer,DIAG_AUTO_1_M: Prefer not to answer,,,,,,
1,DIAG_AUTO_1_M,Do not know,DIAG_AUTO_1_M: Do not know,,,,,,
,DIAG_AUTO_1_M,Rheumatoid arthritis,DIAG_AUTO_1_M: Rheumatoid arthritis,p20002_i0,"Non-cancer illness code, self-reported",rheumatoid arthritis,,,
,DIAG_AUTO_1_M,Lupus,DIAG_AUTO_1_M: Lupus,p20002_i0,"Non-cancer illness code, self-reported",systemic lupus erythematosis/sle,,,
,DIAG_AUTO_1_M,Inflammatory Bowel Disease (IBD),DIAG_AUTO_1_M: Inflammatory Bowel Disease (IBD),p20002_i0,"Non-cancer illness code, self-reported",inflammatory bowel disease,,,
,DIAG_AUTO_1_M,Multiple Sclerosis (MS),DIAG_AUTO_1_M: Multiple Sclerosis (MS),p20002_i0,"Non-cancer illness code, self-reported",multiple sclerosis,,,
,DIAG_AUTO_1_M,Graves' disease,DIAG_AUTO_1_M: Graves' disease,p20002_i0,"Non-cancer illness code, self-reported",grave's disease,,,
,DIAG_AUTO_1_M,Guillain-Barre syndrome,DIAG_AUTO_1_M: Guillain-Barre syndrome,p20002_i0,"Non-cancer illness code, self-reported",acute infective polyneuritis/guillain-barre syndrome,,,
,DIAG_AUTO_1_M,Psoriasis,DIAG_AUTO_1_M: Psoriasis,p20002_i0,"Non-cancer illness code, self-reported",psoriasis,,,
1,DIAG_AUTO_1_M,Other (not listed),DIAG_AUTO_1_M: Other (not listed),,,,,,
1,DIAG_ANAEMIA_1_M,None of the above,DIAG_ANAEMIA_1_M: None of the above,,,,,,
1,DIAG_ANAEMIA_1_M,Prefer not to answer,DIAG_ANAEMIA_1_M: Prefer not to answer,,,,,,
1,DIAG_ANAEMIA_1_M,Do not know,DIAG_ANAEMIA_1_M: Do not know,,,,,,
,DIAG_ANAEMIA_1_M,iron deficiency anaemia,DIAG_ANAEMIA_1_M: iron deficiency anaemia,p20002_i0,"Non-cancer illness code, self-reported",iron deficiency anaemia,,,
,DIAG_ANAEMIA_1_M,Vitamin deficiency anaemia,DIAG_ANAEMIA_1_M: Vitamin deficiency anaemia,none in self report,,,,,
,DIAG_ANAEMIA_1_M,Sickle cell anaemia,DIAG_ANAEMIA_1_M: Sickle cell anaemia,p20002_i0,"Non-cancer illness code, self-reported",sickle cell disease,,,
,DIAG_ANAEMIA_1_M,Aplastic anaemia,DIAG_ANAEMIA_1_M: Aplastic anaemia,p20002_i0,"Non-cancer illness code, self-reported",aplastic anaemia,,,
,DIAG_ANAEMIA_1_M,Thalassaemia,DIAG_ANAEMIA_1_M: Thalassaemia,p20002_i0,"Non-cancer illness code, self-reported",thalassaemia,,,
1,DIAG_ANAEMIA_1_M,Other (not listed),DIAG_ANAEMIA_1_M: Other (not listed),p20002_i0,"Non-cancer illness code, self-reported: anaemia",,,,
1,DIAG_CANCER_1_M,None of the above,DIAG_CANCER_1_M: None of the above,p2453_i0,Cancer diagnosed by doctor Medical conditions: No,,,,
1,DIAG_CANCER_1_M,Prefer not to answer,DIAG_CANCER_1_M: Prefer not to answer,p2453_i0,Cancer diagnosed by doctor Medical conditions: Prefer not to answer,,,,
1,DIAG_CANCER_1_M,"I know I had cancer, but I don't know what type","DIAG_CANCER_1_M: I know I had cancer, but I don't know what type",p2453_i0,Cancer diagnosed by doctor Medical conditions: Do not know,,,,
,DIAG_CANCER_1_M,Anal,DIAG_CANCER_1_M: Anal,p20001_i0,"Cancer code, self-reported",anal cancer,,,
,DIAG_CANCER_1_M,Bladder,DIAG_CANCER_1_M: Bladder,p20001_i0,"Cancer code, self-reported",bladder cancer,,,
,DIAG_CANCER_1_M,Brain,DIAG_CANCER_1_M: Brain,p20001_i0,"Cancer code, self-reported",brain cancer / primary malignant brain tumour,,,
,DIAG_CANCER_1_M,Breast,DIAG_CANCER_1_M: Breast,p20001_i0,"Cancer code, self-reported",breast cancer,,,
,DIAG_CANCER_1_M,Cervical,DIAG_CANCER_1_M: Cervical,p20001_i0,"Cancer code, self-reported",cervical cancer,,,
,DIAG_CANCER_1_M,Colon/rectal,DIAG_CANCER_1_M: Colon/rectal,p20001_i0,"Cancer code, self-reported",colon cancer/sigmoid cancer,,,
,DIAG_CANCER_1_M,Oesophageal,DIAG_CANCER_1_M: Oesophageal,p20001_i0,"Cancer code, self-reported",oesophageal cancer,,,
,DIAG_CANCER_1_M,"Head and neck (Including cancers of the mouth, sinuses, nose, or throat. Not including brain or skin cancers.)","DIAG_CANCER_1_M: Head and neck (Including cancers of the mouth, sinuses, nose, or throat. Not including brain or skin cancers.)",none in self report,,,,,
,DIAG_CANCER_1_M,Gastric,DIAG_CANCER_1_M: Gastric,p20001_i0,"Cancer code, self-reported",stomach cancer,,,
,DIAG_CANCER_1_M,Kidney,DIAG_CANCER_1_M: Kidney,p20001_i0,p20001_i0,"Cancer code, self-reported",kidney/renal cell cancer,,
,DIAG_CANCER_1_M,Leukaemia (blood and bone marrow),DIAG_CANCER_1_M: Leukaemia (blood and bone marrow),p20001_i0,"Cancer code, self-reported",leukaemia,,,
,DIAG_CANCER_1_M,Liver,DIAG_CANCER_1_M: Liver,p20001_i0,"Cancer code, self-reported",liver/hepatocellular cancer,,,
,DIAG_CANCER_1_M,Lung or bronchial,DIAG_CANCER_1_M: Lung or bronchial,p20001_i0,"Cancer code, self-reported",lung cancer,,,
,DIAG_CANCER_1_M,Lymphoma,DIAG_CANCER_1_M: Lymphoma,p20001_i0,"Cancer code, self-reported",lymphoma,,,
,DIAG_CANCER_1_M,Ovarian,DIAG_CANCER_1_M: Ovarian,p20001_i0,"Cancer code, self-reported",ovarian cancer,,,
,DIAG_CANCER_1_M,Pancreatic,DIAG_CANCER_1_M: Pancreatic,p20001_i0,"Cancer code, self-reported",pancreas cancer,,,
,DIAG_CANCER_1_M,Prostate,DIAG_CANCER_1_M: Prostate,p20001_i0,"Cancer code, self-reported",prostate cancer,,,
,DIAG_CANCER_1_M,Skin,DIAG_CANCER_1_M: Skin,p20001_i0,"Cancer code, self-reported",skin cancer,,,
,DIAG_CANCER_1_M,Stomach,DIAG_CANCER_1_M: Stomach,p20001_i0,"Cancer code, self-reported",stomach cancer,,,
,DIAG_CANCER_1_M,Testicular,DIAG_CANCER_1_M: Testicular,p20001_i0,"Cancer code, self-reported",testicular cancer,,,
,DIAG_CANCER_1_M,Thyroid,DIAG_CANCER_1_M: Thyroid,p20001_i0,"Cancer code, self-reported",thyroid cancer,,,
,DIAG_CANCER_1_M,Uterine (endometrial),DIAG_CANCER_1_M: Uterine (endometrial),p20001_i0,"Cancer code, self-reported",uterine/endometrial cancer,,,
1,DIAG_CANCER_1_M,Another type of cancer,DIAG_CANCER_1_M: Another type of cancer,none in self report,"Cancer code, self-reported: metastatic cancer (unknown primary)",,,,
1,DIAG_CANCER_SKIN_1_M,None of the above,DIAG_CANCER_SKIN_1_M: None of the above,,"Parse error: {""UKB_code"": ""p20001_i0"", ""UKB_text"": ""Cancer code, self-reported: skin cancer""}【4:1†ukb_for_upload.json】",,,,
1,DIAG_CANCER_SKIN_1_M,Prefer not to answer,DIAG_CANCER_SKIN_1_M: Prefer not to answer,p2453_i0,Cancer diagnosed by doctor Medical conditions: Prefer not to answer,,,,
1,DIAG_CANCER_SKIN_1_M,Do not know,DIAG_CANCER_SKIN_1_M: Do not know,p20001_i0,"Cancer code, self-reported: skin cancer",,,,
,DIAG_CANCER_SKIN_1_M,Melanoma,DIAG_CANCER_SKIN_1_M: Melanoma,p20001_i0,"Cancer code, self-reported",malignant melanoma,,,
,DIAG_CANCER_SKIN_1_M,Basal cell,DIAG_CANCER_SKIN_1_M: Basal cell,p20001_i0,"Cancer code, self-reported",basal cell carcinoma,,,
,DIAG_CANCER_SKIN_1_M,Squamous cell,DIAG_CANCER_SKIN_1_M: Squamous cell,p20001_i0,"Cancer code, self-reported",squamous cell carcinoma,,,
1,DIAG_OB_1_M,None of the above,DIAG_OB_1_M: None of the above,,"Parse error: {""UKB_code"": ""p6152_i0"", ""UKB_text"": ""Blood clot, DVT, bronchitis, emphysema, asthma, rhinitis, eczema, allergy diagnosed by doctor: None of the above""}【4:9†ukb_for_upload.json】",,,,
1,DIAG_OB_1_M,Prefer not to answer,DIAG_OB_1_M: Prefer not to answer,p6152_i0,"Blood clot, DVT, bronchitis, emphysema, asthma, rhinitis, eczema, allergy diagnosed by doctor: Prefer not to answer",,,,
1,DIAG_OB_1_M,Do not know,DIAG_OB_1_M: Do not know,,"Parse error: {""UKB_code"": ""p4189_i0"", ""UKB_text"": ""Don't know""}【4:18†ukb_for_upload.json】",,,,
,DIAG_OB_1_M,Miscarriage (pregnancy loss before 20 weeks),DIAG_OB_1_M: Miscarriage (pregnancy loss before 20 weeks),p20002_i0,"Non-cancer illness code, self-reported",miscarriage,,,
,DIAG_OB_1_M,Stillbirth (pregnancy loss after 20 weeks),DIAG_OB_1_M: Stillbirth (pregnancy loss after 20 weeks),none in self report,"Non-cancer illness code, self-reported: stillbirth",,,,
,DIAG_OB_1_M,Live birth and still birth (loss of one or more multiples),DIAG_OB_1_M: Live birth and still birth (loss of one or more multiples),none in self report,"Parse error: {""UKB_code"": ""p20002_i0"", ""UKB_text"": ""Non-cancer illness code, self-reported: miscarriage""}【4:3†ukb_for_upload.json】",,,,
,DIAG_OB_1_M,Ectopic or tubal pregnancy,DIAG_OB_1_M: Ectopic or tubal pregnancy,p20002_i0,"Non-cancer illness code, self-reported",ectopic pregnancy,,,
,DIAG_OB_1_M,Trying to get pregnant for more than a year but not getting pregnant during that time,DIAG_OB_1_M: Trying to get pregnant for more than a year but not getting pregnant during that time,p20002_i0,"Non-cancer illness code, self-reported",female infertility,,,
,DIAG_OB_1_M,Hyperemesis gravidarum,DIAG_OB_1_M: Hyperemesis gravidarum,none in self report,"Non-cancer illness code, self-reported: gestational hypertension/pre-eclampsia",,,,
,DIAG_OB_1_M,Gestational diabetes,DIAG_OB_1_M: Gestational diabetes,p20002_i0,"Non-cancer illness code, self-reported",gestational diabetes,,,
,DIAG_OB_1_M,Preterm labour and delivery,DIAG_OB_1_M: Preterm labour and delivery,none in self report,,,,,
,DIAG_OB_1_M,Complicated labour and delivery,DIAG_OB_1_M: Complicated labour and delivery,none in self report,"Non-cancer illness code, self-reported: gestational hypertension/pre-eclampsia",,,,
,DIAG_OB_1_M,Traumatic labour or delivery,DIAG_OB_1_M: Traumatic labour or delivery,none in self report,"Non-cancer illness code, self-reported: gestational hypertension/pre-eclampsia",,,,
,DIAG_OB_1_M,Pre-eclampsia,DIAG_OB_1_M: Pre-eclampsia,p20002_i0,"Non-cancer illness code, self-reported",gestational hypertension/pre-eclampsia,,,
,DIAG_OB_1_M,Eclampsia,DIAG_OB_1_M: Eclampsia,none in self report,"Non-cancer illness code, self-reported: gestational hypertension/pre-eclampsia",,,,
,DIAG_OB_1_M,Gestational hypertension,DIAG_OB_1_M: Gestational hypertension,p20002_i0,"Non-cancer illness code, self-reported",gestational hypertension/pre-eclampsia,,,
1,DIAG_OB_1_M,Other not listed,DIAG_OB_1_M: Other not listed,none in self report,"Non-cancer illness code, self-reported: other abdominal problem",,,,
1,DIAG_GASTRO_1_M,None of the above,DIAG_GASTRO_1_M: None of the above,p6152_i0,"Blood clot, DVT, bronchitis, emphysema, asthma, rhinitis, eczema, allergy diagnosed by doctor: None of the above",,,,
1,DIAG_GASTRO_1_M,Prefer not to answer,DIAG_GASTRO_1_M: Prefer not to answer,p6152_i0,"Blood clot, DVT, bronchitis, emphysema, asthma, rhinitis, eczema, allergy diagnosed by doctor: Prefer not to answer",,,,
1,DIAG_GASTRO_1_M,Do not know,DIAG_GASTRO_1_M: Do not know,p2473_i0,Other serious medical condition/disability diagnosed by doctor Medical conditions: Do not know,,,,
,DIAG_GASTRO_1_M,Gastro-oesophageal Acid Reflux (GORD),DIAG_GASTRO_1_M: Gastro-oesophageal Acid Reflux (GORD),p20002_i0,"Non-cancer illness code, self-reported",gastro-oesophageal reflux (gord) / gastric reflux,,,
,DIAG_GASTRO_1_M,Barrett's Oesophagus,DIAG_GASTRO_1_M: Barrett's Oesophagus,p20002_i0,"Non-cancer illness code, self-reported",oesophagitis/barretts oesophagus,,,
,DIAG_GASTRO_1_M,Irritable bowel syndrome (IBS),DIAG_GASTRO_1_M: Irritable bowel syndrome (IBS),p20002_i0,"Non-cancer illness code, self-reported",irritable bowel syndrome,,,
,DIAG_GASTRO_1_M,Inflammatory Bowel Disease (IBD),DIAG_GASTRO_1_M: Inflammatory Bowel Disease (IBD),p20002_i0,"Non-cancer illness code, self-reported",inflammatory bowel disease,,,
,DIAG_GASTRO_1_M,Diverticulitis or Diverticulosis,DIAG_GASTRO_1_M: Diverticulitis or Diverticulosis,p20002_i0,"Non-cancer illness code, self-reported",diverticular disease/diverticulitis,,,
,DIAG_GASTRO_1_M,Ulcerative Colitis,DIAG_GASTRO_1_M: Ulcerative Colitis,p20002_i0,"Non-cancer illness code, self-reported",ulcerative colitis,,,
,DIAG_GASTRO_1_M,Crohn's Disease,DIAG_GASTRO_1_M: Crohn's Disease,p20002_i0,"Non-cancer illness code, self-reported",crohns disease,,,
,DIAG_GASTRO_1_M,Coeliac Disease (also known as Gluten-Sensitive Enteropathy),DIAG_GASTRO_1_M: Coeliac Disease (also known as Gluten-Sensitive Enteropathy),p20002_i0,"Non-cancer illness code, self-reported",malabsorption/coeliac disease,,,
,DIAG_GASTRO_1_M,Gallstones (Biliary Stones),DIAG_GASTRO_1_M: Gallstones (Biliary Stones),p20002_i0,"Non-cancer illness code, self-reported",cholelithiasis/gall stones,,,
,DIAG_GASTRO_1_M,Fatty liver disease,DIAG_GASTRO_1_M: Fatty liver disease,none in self report,"Non-cancer illness code, self-reported: alcoholic liver disease / alcoholic cirrhosis",,,,
,DIAG_GASTRO_1_M,Liver Cirrhosis,DIAG_GASTRO_1_M: Liver Cirrhosis,p20002_i0,"Non-cancer illness code, self-reported: liver failure/cirrhosis",,,,
,DIAG_GASTRO_1_M,Hepatitis,DIAG_GASTRO_1_M: Hepatitis,p20002_i0,"Non-cancer illness code, self-reported",hepatitis,,,
,DIAG_GASTRO_1_M,Pancreatitis,DIAG_GASTRO_1_M: Pancreatitis,p20002_i0,"Non-cancer illness code, self-reported",pancreatitis,,,
1,DIAG_ENDOCR_1_M,None of the above,DIAG_ENDOCR_1_M: None of the above,p6152_i0,"Blood clot, DVT, bronchitis, emphysema, asthma, rhinitis, eczema, allergy diagnosed by doctor: None of the above",,,,
1,DIAG_ENDOCR_1_M,Prefer not to answer,DIAG_ENDOCR_1_M: Prefer not to answer,p6152_i0,"Blood clot, DVT, bronchitis, emphysema, asthma, rhinitis, eczema, allergy diagnosed by doctor: Prefer not to answer",,,,
1,DIAG_ENDOCR_1_M,Do not know,DIAG_ENDOCR_1_M: Do not know,,"Parse error: {""UKB_code"": ""p2473_i0"", ""UKB_text"": ""Other serious medical condition/disability diagnosed by doctor Medical conditions: Do not know""}【4:3†ukb_for_upload.json】",,,,
,DIAG_ENDOCR_1_M,Type 1 diabetes,DIAG_ENDOCR_1_M: Type 1 diabetes,p20002_i0,"Non-cancer illness code, self-reported",type 1 diabetes,,,
,DIAG_ENDOCR_1_M,Type 2 diabetes,DIAG_ENDOCR_1_M: Type 2 diabetes,p20002_i0,"Non-cancer illness code, self-reported",type 2 diabetes,,,
,DIAG_ENDOCR_1_M,Overactive thyroid,DIAG_ENDOCR_1_M: Overactive thyroid,p20002_i0,"Non-cancer illness code, self-reported",hyperthyroidism/thyrotoxicosis,,,
,DIAG_ENDOCR_1_M,Underactive thyroid,DIAG_ENDOCR_1_M: Underactive thyroid,p20002_i0,"Non-cancer illness code, self-reported",hypothyroidism/myxoedema,,,
,DIAG_ENDOCR_1_M,Cushing syndrome,DIAG_ENDOCR_1_M: Cushing syndrome,p20002_i0,"Non-cancer illness code, self-reported",cushings syndrome,,,
,DIAG_ENDOCR_1_M,Lactose intolerance,DIAG_ENDOCR_1_M: Lactose intolerance,none in self report,"Non-cancer illness code, self-reported: food intolerance",,,,
,DIAG_ENDOCR_1_M,Vitamin A deficiency,DIAG_ENDOCR_1_M: Vitamin A deficiency,none in self report,"Non-cancer illness code, self-reported: alpha-1 antitrypsin deficiency",,,,
,DIAG_ENDOCR_1_M,Thiamine deficiency,DIAG_ENDOCR_1_M: Thiamine deficiency,none in self report,"Non-cancer illness code, self-reported: thiamine deficiency",,,,
,DIAG_ENDOCR_1_M,Vitamin D deficiency,DIAG_ENDOCR_1_M: Vitamin D deficiency,none in self report,"Non-cancer illness code, self-reported: vitamin D deficiency",,,,
1,DIAG_ENDOCR_1_M,Other (not listed),DIAG_ENDOCR_1_M: Other (not listed),p2473_i0,Other serious medical condition/disability diagnosed by doctor Medical conditions: Prefer not to answer,,,,
1,DIAG_OPTHAL_1_M,None of the above,DIAG_OPTHAL_1_M: None of the above,p6148_i0,Eye problems/disorders Eyesight: None of the above,,,,
1,DIAG_OPTHAL_1_M,Prefer not to answer,DIAG_OPTHAL_1_M: Prefer not to answer,,"Parse error: {""UKB_code"": ""p6148_i0"", ""UKB_text"": ""Eye problems/disorders Eyesight: Prefer not to answer""}【4:3†ukb_for_upload.json】",,,,
1,DIAG_OPTHAL_1_M,Do not know,DIAG_OPTHAL_1_M: Do not know,p6148_i0,"Eye problems/disorders Eyesight: Diabetes related eye disease, Injury or trauma resulting in loss of vision, Cataract, Other serious eye condition",,,,
,DIAG_OPTHAL_1_M,Glaucoma,DIAG_OPTHAL_1_M: Glaucoma,p20002_i0,"Non-cancer illness code, self-reported",glaucoma,,,
,DIAG_OPTHAL_1_M,Visual impairment including blindness,DIAG_OPTHAL_1_M: Visual impairment including blindness,none in self report,"Eye problems/disorders Eyesight: Injury or trauma resulting in loss of vision, Macular degeneration, Other serious eye condition",,,,
,DIAG_OPTHAL_1_M,Double vision,DIAG_OPTHAL_1_M: Double vision,none in self report,"Eye problems/disorders Eyesight: Diabetes related eye disease, Glaucoma, Injury or trauma resulting in loss of vision, Macular degeneration, Other serious eye condition",,,,
,DIAG_OPTHAL_1_M,Night blindness,DIAG_OPTHAL_1_M: Night blindness,none in self report,"Non-cancer illness code, self-reported: retinitis pigmentosa",,,,
,DIAG_OPTHAL_1_M,Colour blindness,DIAG_OPTHAL_1_M: Colour blindness,none in self report,"Non-cancer illness code, self-reported: colour blindness",,,,
,DIAG_OPTHAL_1_M,Macular degeneration,DIAG_OPTHAL_1_M: Macular degeneration,p20002_i0,"Non-cancer illness code, self-reported",macular degeneration,,,
,DIAG_OPTHAL_1_M,Cataracts,DIAG_OPTHAL_1_M: Cataracts,p20002_i0,"Non-cancer illness code, self-reported",cataract,,,
,DIAG_OPTHAL_1_M,Retinal detachment,DIAG_OPTHAL_1_M: Retinal detachment,p20002_i0,"Non-cancer illness code, self-reported",retinal detachment,,,
,DIAG_OPTHAL_1_M,Diabetic retinopathy,DIAG_OPTHAL_1_M: Diabetic retinopathy,p6148_i0,Eye problems/disorders Eyesight,Diabetes related eye disease|Cataract|Macular degeneration|Other serious eye condition,,,
1,DIAG_OPTHAL_1_M,Other (not listed),DIAG_OPTHAL_1_M: Other (not listed),,Error: list index out of range,,,,
1,DIAG_OSTEO_1_M,None of the above,DIAG_OSTEO_1_M: None of the above,,Error: list index out of range,,,,
1,DIAG_OSTEO_1_M,Prefer not to answer,DIAG_OSTEO_1_M: Prefer not to answer,,Error: list index out of range,,,,
1,DIAG_OSTEO_1_M,Do not know,DIAG_OSTEO_1_M: Do not know,,Error: list index out of range,,,,
,DIAG_OSTEO_1_M,Hip fracture,DIAG_OSTEO_1_M: Hip fracture,p20002_i0,"Non-cancer illness code, self-reported",fracture neck of femur / hip,fracture neck of femur / hip,,
,DIAG_OSTEO_1_M,Osteoporosis,DIAG_OSTEO_1_M: Osteoporosis,p20002_i0,"Non-cancer illness code, self-reported",osteoporosis,,,
,DIAG_OSTEO_1_M,Osteoarthritis (arthritis),DIAG_OSTEO_1_M: Osteoarthritis (arthritis),p20002_i0,"Non-cancer illness code, self-reported",osteoarthritis,,,
,DIAG_OSTEO_1_M,Gout,DIAG_OSTEO_1_M: Gout,p20002_i0,"Non-cancer illness code, self-reported",gout,,,
1,DIAG_OSTEO_1_M,Other (not listed),DIAG_OSTEO_1_M: Other (not listed),,Error: list index out of range,,,,
1,DIAG_CVD_1_M,None of the above,DIAG_CVD_1_M: None of the above,,Error: list index out of range,,,,
1,DIAG_CVD_1_M,Prefer not to answer,DIAG_CVD_1_M: Prefer not to answer,,Error: list index out of range,,,,
1,DIAG_CVD_1_M,Do not know,DIAG_CVD_1_M: Do not know,,Error: list index out of range,,,,
,DIAG_CVD_1_M,B-12 Deficiency (Pernicious Anaemia),DIAG_CVD_1_M: B-12 Deficiency (Pernicious Anaemia),p20002_i0,"Non-cancer illness code, self-reported",pernicious anaemia,,,
,DIAG_CVD_1_M,Coronary Artery/Coronary Heart Disease,DIAG_CVD_1_M: Coronary Artery/Coronary Heart Disease,none in self report,Error: list index out of range,,,,
,DIAG_CVD_1_M,Congestive Heart Failure,DIAG_CVD_1_M: Congestive Heart Failure,p20002_i0,"Non-cancer illness code, self-reported",heart failure/pulmonary odema,,,
,DIAG_CVD_1_M,High Cholesterol,DIAG_CVD_1_M: High Cholesterol,p20002_i0,"Non-cancer illness code, self-reported",high cholesterol,,,
,DIAG_CVD_1_M,Heart Attack (Myocardial Infarction),DIAG_CVD_1_M: Heart Attack (Myocardial Infarction),p20002_i0,"Non-cancer illness code, self-reported",heart attack/myocardial infarction,,,
,DIAG_CVD_1_M,Abnormal Heart Rhythm (Arrhythmia),DIAG_CVD_1_M: Abnormal Heart Rhythm (Arrhythmia),p20002_i0,"Non-cancer illness code, self-reported",heart arrhythmia,,,
,DIAG_CVD_1_M,Chest Pain (Angina),DIAG_CVD_1_M: Chest Pain (Angina),p20002_i0,"Non-cancer illness code, self-reported",angina,,,
,DIAG_CVD_1_M,Heart Valve Problems,DIAG_CVD_1_M: Heart Valve Problems,p20002_i0,"Non-cancer illness code, self-reported",heart valve problem/heart murmur,,,
,DIAG_CVD_1_M,High Blood Pressure (Hypertension) [Please do not include hypertension during pregnancy.],DIAG_CVD_1_M: High Blood Pressure (Hypertension) [Please do not include hypertension during pregnancy.],p20002_i0,"Non-cancer illness code, self-reported",hypertension,,,
,DIAG_CVD_1_M,"Blood Clots (Deep Vein Thrombosis, Pulmonary Embolism)","DIAG_CVD_1_M: Blood Clots (Deep Vein Thrombosis, Pulmonary Embolism)",p6152_i0,"Blood clot, DVT, bronchitis, emphysema, asthma, rhinitis, eczema, allergy diagnosed by doctor",Blood clot in the leg (DVT)|Blood clot in the lung,,,
,DIAG_CVD_1_M,Stroke,DIAG_CVD_1_M: Stroke,p20002_i0,"Non-cancer illness code, self-reported",stroke,,,
1,DIAG_CVD_1_M,Other (not listed),DIAG_CVD_1_M: Other (not listed),,Error: list index out of range,,,,
1,DIAG_UROL_1_M,None of the above,DIAG_UROL_1_M: None of the above,,Error: list index out of range,,,,
1,DIAG_UROL_1_M,Prefer not to answer,DIAG_UROL_1_M: Prefer not to answer,,Error: list index out of range,,,,
1,DIAG_UROL_1_M,Do not know,DIAG_UROL_1_M: Do not know,,Error: list index out of range,,,,
,DIAG_UROL_1_M,Kidney stones,DIAG_UROL_1_M: Kidney stones,p20002_i0,"Non-cancer illness code, self-reported",kidney stone/ureter stone/bladder stone,,,
,DIAG_UROL_1_M,Chronic kidney disease (or chronic kidney failure),DIAG_UROL_1_M: Chronic kidney disease (or chronic kidney failure),none in self report,Error: list index out of range,,,,
1,DIAG_UROL_1_M,Other (not listed),DIAG_UROL_1_M: Other (not listed),,Error: list index out of range,,,,
1,DIAG_RESP_1_M,None of the above,DIAG_RESP_1_M: None of the above,,Error: list index out of range,,,,
1,DIAG_RESP_1_M,Prefer not to answer,DIAG_RESP_1_M: Prefer not to answer,,Error: list index out of range,,,,
1,DIAG_RESP_1_M,Do not know,DIAG_RESP_1_M: Do not know,,Error: list index out of range,,,,
,DIAG_RESP_1_M,"Chronic Obstructive pulmonary disease, COPD (including emphysema and chronic bronchitis)","DIAG_RESP_1_M: Chronic Obstructive pulmonary disease, COPD (including emphysema and chronic bronchitis)",p20002_i0,"Non-cancer illness code, self-reported",chronic obstructive airways disease/copd,,,
,DIAG_RESP_1_M,Lung fibrosis,DIAG_RESP_1_M: Lung fibrosis,p20002_i0,"Non-cancer illness code, self-reported",pulmonary fibrosis,,,
,DIAG_RESP_1_M,Bronchiectasis,DIAG_RESP_1_M: Bronchiectasis,p20002_i0,"Non-cancer illness code, self-reported",bronchiectasis,,,
,DIAG_RESP_1_M,Asthma,DIAG_RESP_1_M: Asthma,p20002_i0,"Non-cancer illness code, self-reported",asthma,,,
,DIAG_RESP_1_M,Hay Fever (Allergic to pollen or Allergic Rhinitis),DIAG_RESP_1_M: Hay Fever (Allergic to pollen or Allergic Rhinitis),p20002_i0,"Non-cancer illness code, self-reported",hayfever/allergic rhinitis,,,
1,DIAG_RESP_1_M,Other (not listed),DIAG_RESP_1_M: Other (not listed),,Error: list index out of range,,,,
1,DIAG_PSYCH_1_M,None of the above,DIAG_PSYCH_1_M: None of the above,,Error: list index out of range,,,,
1,DIAG_PSYCH_1_M,Prefer not to answer,DIAG_PSYCH_1_M: Prefer not to answer,,Error: list index out of range,,,,
1,DIAG_PSYCH_1_M,Do not know,DIAG_PSYCH_1_M: Do not know,,Error: list index out of range,,,,
,DIAG_PSYCH_1_M,Anxiety,DIAG_PSYCH_1_M: Anxiety,p29000,Mental health conditions ever diagnosed by a professional Mental health,Anxiety or nerves,,,
,DIAG_PSYCH_1_M,Bipolar disorder,DIAG_PSYCH_1_M: Bipolar disorder,p29000,Mental health conditions ever diagnosed by a professional Mental health,"Mania, hypomania, bipolar or manic-depression",,,
,DIAG_PSYCH_1_M,Body dysmorphia,DIAG_PSYCH_1_M: Body dysmorphia,none in self report,Error: list index out of range,,,,
,DIAG_PSYCH_1_M,Depression,DIAG_PSYCH_1_M: Depression,p29000,Mental health conditions ever diagnosed by a professional Mental health,Depression,,,
,DIAG_PSYCH_1_M,Premenstrual dysphoric disorder,DIAG_PSYCH_1_M: Premenstrual dysphoric disorder,none in self report,Error: list index out of range,,,,
,DIAG_PSYCH_1_M,Post Traumatic Stress Disorder (PTSD),DIAG_PSYCH_1_M: Post Traumatic Stress Disorder (PTSD),p29000,Mental health conditions ever diagnosed by a professional Mental health,Post traumatic stress disorder (PTSD),,,
,DIAG_PSYCH_1_M,Obsessive Compulsive Disorder,DIAG_PSYCH_1_M: Obsessive Compulsive Disorder,p29000,Mental health conditions ever diagnosed by a professional Mental health,Obsessive compulsive disorder (OCD),,,
,DIAG_PSYCH_1_M,Eating disorder,DIAG_PSYCH_1_M: Eating disorder,p20002_i0,"Non-cancer illness code, self-reported",anorexia/bulimia/other eating disorder,,,
,DIAG_PSYCH_1_M,Psychosis,DIAG_PSYCH_1_M: Psychosis,p29000,Mental health conditions ever diagnosed by a professional Mental health,Any other type of psychosis or psychotic illness,,,
,DIAG_PSYCH_1_M,Schizophrenia,DIAG_PSYCH_1_M: Schizophrenia,p29000,Mental health conditions ever diagnosed by a professional Mental health,Schizophrenia,,,
,DIAG_PSYCH_1_M,Schizoaffective disorder,DIAG_PSYCH_1_M: Schizoaffective disorder,none in self report,Error: list index out of range,,,,
,DIAG_PSYCH_1_M,Personality disorder,DIAG_PSYCH_1_M: Personality disorder,p29000,Mental health conditions ever diagnosed by a professional Mental health,A personality disorder,,,
1,DIAG_PSYCH_1_M,Other (not listed),DIAG_PSYCH_1_M: Other (not listed),,Error: list index out of range,,,,
1,DIAG_PSYCH_DEPR_1_M,None of the above,DIAG_PSYCH_DEPR_1_M: None of the above,,Error: list index out of range,,,,
1,DIAG_PSYCH_DEPR_1_M,Prefer not to answer,DIAG_PSYCH_DEPR_1_M: Prefer not to answer,,Error: list index out of range,,,,
1,DIAG_PSYCH_DEPR_1_M,Do not know,DIAG_PSYCH_DEPR_1_M: Do not know,,Error: list index out of range,,,,
,DIAG_PSYCH_DEPR_1_M,Major Depressive Disorder,DIAG_PSYCH_DEPR_1_M: Major Depressive Disorder,none in self report,Error: list index out of range,,,,
,DIAG_PSYCH_DEPR_1_M,Perinatal depression,DIAG_PSYCH_DEPR_1_M: Perinatal depression,none in self report,Error: list index out of range,,,,
,DIAG_PSYCH_DEPR_1_M,Postnatal depression,DIAG_PSYCH_DEPR_1_M: Postnatal depression,none in self report,Error: list index out of range,,,,
1,DIAG_PSYCH_DEPR_1_M,Other (not listed),DIAG_PSYCH_DEPR_1_M: Other (not listed),,Error: list index out of range,,,,
1,DIAG_PSYCH_ANX_1_M,None of the above,DIAG_PSYCH_ANX_1_M: None of the above,,Error: list index out of range,,,,
1,DIAG_PSYCH_ANX_1_M,Prefer not to answer,DIAG_PSYCH_ANX_1_M: Prefer not to answer,,Error: list index out of range,,,,
1,DIAG_PSYCH_ANX_1_M,Do not know,DIAG_PSYCH_ANX_1_M: Do not know,,Error: list index out of range,,,,
,DIAG_PSYCH_ANX_1_M,Generalised anxiety disorder,DIAG_PSYCH_ANX_1_M: Generalised anxiety disorder,p29000,Mental health conditions ever diagnosed by a professional Mental health,Generalized anxiety disorder,,,
,DIAG_PSYCH_ANX_1_M,Agoraphobia,DIAG_PSYCH_ANX_1_M: Agoraphobia,p29000,Mental health conditions ever diagnosed by a professional Mental health,Agoraphobia,,,
,DIAG_PSYCH_ANX_1_M,Social anxiety disorder,DIAG_PSYCH_ANX_1_M: Social anxiety disorder,p29000,Mental health conditions ever diagnosed by a professional Mental health,Social anxiety or social phobia,,,
,DIAG_PSYCH_ANX_1_M,Panic disorder,DIAG_PSYCH_ANX_1_M: Panic disorder,p29000,Mental health conditions ever diagnosed by a professional Mental health,Panic disorder,,,
,DIAG_PSYCH_ANX_1_M,Panic attacks,DIAG_PSYCH_ANX_1_M: Panic attacks,p20002_i0,"Non-cancer illness code, self-reported",anxiety/panic attacks,,,
,DIAG_PSYCH_ANX_1_M,Specific phobia,DIAG_PSYCH_ANX_1_M: Specific phobia,p29000,Mental health conditions ever diagnosed by a professional Mental health,Any other phobia (e.g. disabling fear of heights or spiders),,,
1,DIAG_PSYCH_ANX_1_M,Other (not listed),DIAG_PSYCH_ANX_1_M: Other (not listed),,Error: list index out of range,,,,
1,DIAG_PSYCH_EAT_1_M,None of the above,DIAG_PSYCH_EAT_1_M: None of the above,,Error: list index out of range,,,,
1,DIAG_PSYCH_EAT_1_M,Prefer not to answer,DIAG_PSYCH_EAT_1_M: Prefer not to answer,,Error: list index out of range,,,,
1,DIAG_PSYCH_EAT_1_M,Do not know,DIAG_PSYCH_EAT_1_M: Do not know,,Error: list index out of range,,,,
,DIAG_PSYCH_EAT_1_M,Anorexia nervosa,DIAG_PSYCH_EAT_1_M: Anorexia nervosa,p29000,Mental health conditions ever diagnosed by a professional Mental health,Anorexia nervosa,,,
,DIAG_PSYCH_EAT_1_M,Atypical anorexia nervosa,DIAG_PSYCH_EAT_1_M: Atypical anorexia nervosa,none in self report,Error: list index out of range,,,,
,DIAG_PSYCH_EAT_1_M,Bulimia nervosa,DIAG_PSYCH_EAT_1_M: Bulimia nervosa,p29000,Mental health conditions ever diagnosed by a professional Mental health,Bulimia nervosa,,,
,DIAG_PSYCH_EAT_1_M,Binge eating disorder,DIAG_PSYCH_EAT_1_M: Binge eating disorder,p29000,Mental health conditions ever diagnosed by a professional Mental health,Binge-eating disorder,,,
1,DIAG_PSYCH_EAT_1_M,Other (not listed),DIAG_PSYCH_EAT_1_M: Other (not listed),,Error: list index out of range,,,,
1,DIAG_NEURO_DEV_1_M,None of the above,DIAG_NEURO_DEV_1_M: None of the above,,Error: list index out of range,,,,
1,DIAG_NEURO_DEV_1_M,Prefer not to answer,DIAG_NEURO_DEV_1_M: Prefer not to answer,,Error: list index out of range,,,,
1,DIAG_NEURO_DEV_1_M,Do not know,DIAG_NEURO_DEV_1_M: Do not know,,Error: list index out of range,,,,
,DIAG_NEURO_DEV_1_M,Autism spectrum disorder,DIAG_NEURO_DEV_1_M: Autism spectrum disorder,p29000,Mental health conditions ever diagnosed by a professional Mental health,"Autism, Asperger's or autistic spectrum disorder",,,
,DIAG_NEURO_DEV_1_M,Developmental learning disorders,DIAG_NEURO_DEV_1_M: Developmental learning disorders,none in self report,Error: list index out of range,,,,
,DIAG_NEURO_DEV_1_M,Attention deficit hyperactivity disorder (ADHD),DIAG_NEURO_DEV_1_M: Attention deficit hyperactivity disorder (ADHD),p29000,Mental health conditions ever diagnosed by a professional Mental health,Attention deficit or attention deficit and hyperactivity disorder,,,
,DIAG_NEURO_DEV_1_M,Disorder of intellectual development,DIAG_NEURO_DEV_1_M: Disorder of intellectual development,none in self report,Error: list index out of range,,,,
,DIAG_NEURO_DEV_1_M,Developmental motor coordination disorder,DIAG_NEURO_DEV_1_M: Developmental motor coordination disorder,none in self report,Error: list index out of range,,,,
,DIAG_NEURO_DEV_1_M,Developmental speech or language disorders,DIAG_NEURO_DEV_1_M: Developmental speech or language disorders,none in self report,Error: list index out of range,,,,
,DIAG_NEURO_DEV_1_M,Stereotyped movement disorder,DIAG_NEURO_DEV_1_M: Stereotyped movement disorder,none in self report,Error: list index out of range,,,,
1,DIAG_NEURO_DEV_1_M,Other (not listed),DIAG_NEURO_DEV_1_M: Other (not listed),,Error: list index out of range,,,,
1,DIAG_NEURO_1_M,None of the above,DIAG_NEURO_1_M: None of the above,,Error: list index out of range,,,,
1,DIAG_NEURO_1_M,Prefer not to answer,DIAG_NEURO_1_M: Prefer not to answer,,Error: list index out of range,,,,
1,DIAG_NEURO_1_M,Do not know,DIAG_NEURO_1_M: Do not know,,Error: list index out of range,,,,
,DIAG_NEURO_1_M,Epilepsy,DIAG_NEURO_1_M: Epilepsy,p20002_i0,"Non-cancer illness code, self-reported",epilepsy,,,
,DIAG_NEURO_1_M,Parkinson's disease,DIAG_NEURO_1_M: Parkinson's disease,p20002_i0,"Non-cancer illness code, self-reported",parkinsons disease,,,
,DIAG_NEURO_1_M,Alzheimer's disease/dementia,DIAG_NEURO_1_M: Alzheimer's disease/dementia,p20002_i0,"Non-cancer illness code, self-reported",dementia/alzheimers/cognitive impairment,,,
,DIAG_NEURO_1_M,Early onset Alzheimer's disease/dementia,DIAG_NEURO_1_M: Early onset Alzheimer's disease/dementia,none in self report,Error: list index out of range,,,,
,DIAG_NEURO_1_M,Vascular dementia,DIAG_NEURO_1_M: Vascular dementia,none in self report,Error: list index out of range,,,,
,DIAG_NEURO_1_M,Migraine with aura,DIAG_NEURO_1_M: Migraine with aura,none in self report,"Non-cancer illness code, self-reported",migraine,,,
,DIAG_NEURO_1_M,Migraine without aura,DIAG_NEURO_1_M: Migraine without aura,none in self report,"Non-cancer illness code, self-reported",migraine,,,
1,DIAG_NEURO_1_M,Other (not listed),DIAG_NEURO_1_M: Other (not listed),,Error: list index out of range,,,,
1,DIAG_REPRO_1_M,None of the above,DIAG_REPRO_1_M: None of the above,,Error: list index out of range,,,,
1,DIAG_REPRO_1_M,Prefer not to answer,DIAG_REPRO_1_M: Prefer not to answer,,Error: list index out of range,,,,
1,DIAG_REPRO_1_M,Do not know,DIAG_REPRO_1_M: Do not know,,Error: list index out of range,,,,
,DIAG_REPRO_1_M,Endometriosis,DIAG_REPRO_1_M: Endometriosis,p20002_i0,"Non-cancer illness code, self-reported",endometriosis,,,
,DIAG_REPRO_1_M,Polycystic Ovary Syndrome (PCOS),DIAG_REPRO_1_M: Polycystic Ovary Syndrome (PCOS),p20002_i0,"Non-cancer illness code, self-reported",polycystic ovaries/polycystic ovarian syndrome,,,
,DIAG_REPRO_1_M,Enlarged prostate,DIAG_REPRO_1_M: Enlarged prostate,p20002_i0,"Non-cancer illness code, self-reported",enlarged prostate,,,
,DIAG_REPRO_1_M,"Fibrocystic Breast, or another Benign Breast Disease (such as proliferative Benign Breast Disease or LCIS)","DIAG_REPRO_1_M: Fibrocystic Breast, or another Benign Breast Disease (such as proliferative Benign Breast Disease or LCIS)",p20002_i0,"Non-cancer illness code, self-reported",breast disease (not cancer),,,
,DIAG_REPRO_1_M,Ductal Carcinoma in situ (DCIS),DIAG_REPRO_1_M: Ductal Carcinoma in situ (DCIS),none in self report,Error: list index out of range,,,,
1,DIAG_REPRO_1_M,Other (not listed),DIAG_REPRO_1_M: Other (not listed),,Error: list index out of range,,,,
